{
  "NS5a_DGF": {
    "log_z": -107.72735993034797,
    "time": 53.24085283279419,
    "means": [
      65.77723740301184,
      0.11901057526131387,
      3.0762832241344875,
      0.985653157447427,
      0.02235560430914676
    ],
    "stds": [
      0.28647829219331733,
      0.0007944662834320129,
      0.02694707636437931,
      0.014057679603194874,
      0.00014989220490458724
    ],
    "names": [
      "H0",
      "omega_cdm",
      "logA",
      "A_planck",
      "omega_b"
    ]
  },
  "NS5b_LCDM": {
    "log_z": -188.2777268765164,
    "time": 59.19699692726135,
    "means": [
      67.00194757040921,
      0.1173695502364618,
      3.1702654881995063,
      0.9473314086147668,
      0.022379355104720923
    ],
    "stds": [
      0.3197555547660379,
      0.0008779602613392451,
      0.02510894526416894,
      0.012067205342601073,
      0.00014921110849104498
    ],
    "names": [
      "H0",
      "omega_cdm",
      "logA",
      "A_planck",
      "omega_b"
    ]
  },
  "NS5c_wfree": {
    "log_z": -111.99536950866403,
    "time": 104.58776450157166,
    "means": [
      65.95933374502735,
      0.11897834462471377,
      3.0634539758708277,
      0.9908259225679237,
      0.022360877158873332,
      -0.9230683388292081
    ],
    "stds": [
      0.3121112238344229,
      0.0007894728660630058,
      0.030423608171516337,
      0.01581430501804493,
      0.00014865924565823772,
      0.006707888736066269
    ],
    "names": [
      "H0",
      "omega_cdm",
      "logA",
      "A_planck",
      "omega_b",
      "w0"
    ]
  }
}