{
  "survey": {
    "name": "Euclid-like",
    "area_deg2": 15000,
    "n_tomo": 10,
    "n_eff_arcmin2": 30.0,
    "sigma_e": 0.26,
    "z_range": [
      0.001,
      2.5
    ],
    "ell_range": [
      10,
      5000
    ],
    "n_ell": 98
  },
  "fiducial": {
    "omega_cdm": 0.1678,
    "ln10A_s": 2.294,
    "H0": 72.1,
    "omega_b": 0.0223828,
    "n_s": 0.9660499,
    "w0": -0.933
  },
  "dgf_gravity": {
    "alpha_K": 4.005,
    "alpha_B": 1.018,
    "alpha_M": 0.0,
    "alpha_T": 0.0,
    "G_eff_peak_percent": 8.2,
    "G_eff_peak_z": 0.5
  },
  "fisher_matrix": [
    [
      21153907.239008337,
      2451079.8565836856
    ],
    [
      2451079.8565836856,
      289989.2543460521
    ]
  ],
  "fisher_inverse": [
    [
      2.290353389119398e-06,
      -1.935878303211051e-05
    ],
    [
      -1.935878303211051e-05,
      0.0001670748912653277
    ]
  ],
  "constraints": {
    "sigma_omega_cdm": 0.00151339135358948,
    "sigma_ln10As": 0.01292574528858308,
    "correlation": -0.9896262589357623
  },
  "dgf_vs_lcdm": {
    "delta_chi2": 43825.13855260953,
    "n_data": 5390,
    "significance_sigma": 209.34454507488255
  },
  "tomo_bin_edges": [
    0.001,
    0.41461785815203966,
    0.5561099389518481,
    0.6733329083257218,
    0.7833700981149424,
    0.8942102581555886,
    1.0124975658590893,
    1.146933990213179,
    1.3139354948929811,
    1.5606255535064768,
    2.5
  ]
}