{
  "NS4a_DGF": {
    "log_z": -104.97707043336509,
    "time": 45.28737950325012,
    "means": [
      65.77744912060868,
      0.11900502137398107,
      3.0760109540920055,
      0.9857830077382976
    ],
    "stds": [
      0.2872643516525458,
      0.0007928758600050818,
      0.026856883454504005,
      0.014001454224596364
    ]
  },
  "NS4b_LCDM": {
    "log_z": -185.50577424131214,
    "time": 55.12444996833801,
    "means": [
      67.00495301409002,
      0.11736391217748982,
      3.1703666643234887,
      0.9472816910064362
    ],
    "stds": [
      0.32001386155860595,
      0.0008781286683689648,
      0.025155105151304154,
      0.01210089936204205
    ]
  },
  "NS4c_DGF_B3": {
    "log_z": -105.12039195490213,
    "time": 47.82152271270752,
    "means": [
      65.80258120900822,
      0.11894880781187313,
      3.0762594998239248,
      0.9856000490960711
    ],
    "stds": [
      0.28271702392871445,
      0.0007836805858496321,
      0.02693901135449692,
      0.014034279107640883
    ]
  },
  "NS4d_DGF_full": {
    "log_z": -106.8489690379389,
    "time": 46.959128618240356,
    "means": [
      65.80536481396172,
      0.11894515106957732,
      3.076026168882804,
      0.985710257420009
    ],
    "stds": [
      0.2824058718952798,
      0.0007842277778846958,
      0.027049564178240934,
      0.014086627624337244
    ]
  }
}