{
  "param_mean": [
    69.17997864289462,
    0.12379967411269331,
    3.04339961156975,
    1.009992680664793
  ],
  "param_std": [
    5.418088800377599,
    0.018232421645990083,
    0.1812225479954279,
    0.5722540819314534
  ],
  "n_pca": 30,
  "n_params": 4,
  "param_names": [
    "H0",
    "omega_cdm",
    "logA",
    "alpha_B_scale"
  ]
}